{
    "thigh.R":[0.008918,-0.441926,0.033636],
    "thigh.L":[-0.001523,-0.433194,-0.018147],
    "middle.spine":[0.02682,0.34377,-0.001667]
}